{
  "node_id": "13f241ad",
  "score": 0.6358477310222783,
  "success": true,
  "metrics": {
    "gini": 0.8338371485596312,
    "error_rate": 0.09666759908416801,
    "spearman": 0.6574884736269293,
    "rmse": 223.58801990253144,
    "gini_score": 0.669185742798156,
    "error_score": 0.7450952968112706,
    "spearman_score": 0.5249615787564309,
    "rmse_score": 0.6068663349578093,
    "base_score": 0.6358477310222783,
    "pareto_bonus": 0.0,
    "diversity_bonus": 0.0,
    "excellence_count": 0
  },
  "execution_time": null,
  "code_file_path": null,
  "saved_at": "2026-01-15T05:14:32.898993",
  "stdout": "\ud83d\udcc2 Loading data...\n   Train: (352772, 183) (49638 users)\n   Val:   (34825, 183) (4975 users)\n   Test:  (38815, 183) (5545 users)\n\ud83d\udd27 Creating user-level features...\n   Dev users: 54,613 | Test users: 5,545\n   Features (pre-TE): 2576 (num=2562, cat=14)\n\ud83e\udde0 Preparing 7-day sequence tensors for PhysicsResTCNMTL ...\n   Sequence numeric cols: 125 | sequence cat cols: 7\n\ud83d\ude80 Training CV base models + PhysicsResTCNMTL (3 folds) ...\n   Fold 1/3 ...\n   Fold 2/3 ...\n   Fold 3/3 ...\n\ud83e\uddee Ridge stacking on OOF base predictions (CV alpha selection) ...\n   Best Ridge alpha: 60.0\n   Ridge OOF composite score (pre-calibration): 0.450093\n   Ridge features: 12\n   Calibration: a=0.9311, b=1.9924, s=0.8500\n\ud83d\udee1\ufe0f Tuning conservative post-processing on OOF ...\n   Best postprocess params: {'bias': 4.420381385678752, 'scale': 0.9352254789978556, 'zero_snap': 7.0, 'risk_thr': 0.5700235539186779, 'risk_soft': 0.10637374690306547, 'use_q_floor': False}\n\n============================================================\n\ud83d\udcca Metrics: Gini=0.8338, ErrRate=0.0967, Spearman=0.6575, RMSE=223.59\n\ud83d\udcca Individual Scores: Gini=0.669, Err=0.745, Spear=0.525, RMSE=0.607\n\ud83d\udcca Base=0.6358, Pareto=0.00, Diversity=0.000, FINAL=0.6358\n\ud83d\udcca Excellence count: 0/4 metrics\n============================================================\n\n\ud83c\udfaf Final Score: 0.635848\n   Baseline: 0.377 (template baseline)\n   \u2713 Better than baseline! (+0.258848)\nscore = 0.6358477310222783\n\ud83d\udcca Metrics: Gini=0.8338, ErrRate=0.0967, Spearman=0.6575, RMSE=223.59\n\ud83d\udcca Individual Scores: Gini=0.669, Err=0.745, Spear=0.525, RMSE=0.607\n\ud83d\udcca Base=0.6358, Pareto=0.00, Diversity=0.000, FINAL=0.6358\n\ud83d\udcca Excellence count: 0/4 metrics\nscore = 0.6358477310222783\n",
  "stderr": ""
}