{
  "score": 1.2,
  "metrics": {
    "gini": 0.9624898157817192,
    "error_rate": 0.0036751691679474045,
    "spearman": 0.8284757210347959,
    "rmse": 91.37358925430505,
    "base_score": 1.0,
    "pareto_bonus": 0.2
  },
  "best_val_policy_score": 1.0439120179064134,
  "policy": {
    "w_q": 0.0,
    "use_min": true,
    "thr_gate": 0.65,
    "snap_eps": 0.0,
    "risk_scale": 0.0,
    "a": 4.191576286675182,
    "b": 8.191299214557024,
    "delta": 0.0
  },
  "num_cols": 164,
  "cat_cols": 16,
  "seq_days": 7,
  "static_features": 785,
  "anchor_mean": 23.67173194885254,
  "clip_lo": -89.85148810577392,
  "clip_hi": 3155.811366455066
}
