{
  "node_id": "49de05bf",
  "score": 1.1776368754973219,
  "success": true,
  "metrics": {
    "gini": 0.9763163737137696,
    "error_rate": 0.0480173116545528,
    "spearman": 0.8875312558133056,
    "rmse": 176.2785626523837,
    "gini_score": 1.0,
    "error_score": 0.8881843774866094,
    "spearman_score": 1.0,
    "rmse_score": 1.0,
    "base_score": 0.9776368754973219,
    "pareto_bonus": 0.2,
    "diversity_bonus": 0.0,
    "excellence_count": 4
  },
  "execution_time": null,
  "code_file_path": null,
  "saved_at": "2026-01-13T11:53:29.835324",
  "stdout": "\ud83d\udd27 Using device: cuda\n================================================================================\nImproved: Deep Physics-Inspired Sequence Model + LightGBM Suite + Tuned Stacking/Calibration\n================================================================================\n\ud83d\udcc2 Loading data...\n   Train: (352772, 183) (49638 users)\n   Val:   (34825, 183) (4975 users)\n   Test:  (38815, 183) (5545 users)\n\ud83d\udd27 Using 164 numeric cols, 16 categorical cols\n   Train users: 49638, Val users: 4975, Test users: 5545\n   X_seq_num: (49638, 7, 329), X_seq_cat: (49638, 7, 16), X_static: (49638, 984)\nEpoch 01/60 | train_loss=46518.0900 | val_score=0.2200 | best=0.2200@1 | bad=0/10\nEpoch 02/60 | train_loss=20243.9377 | val_score=0.5935 | best=0.5935@2 | bad=0/10\nEpoch 04/60 | train_loss=7991.5467 | val_score=0.7070 | best=0.7070@4 | bad=0/10\nEpoch 06/60 | train_loss=5179.4496 | val_score=0.7793 | best=0.7793@6 | bad=0/10\nEpoch 08/60 | train_loss=3960.7793 | val_score=0.9216 | best=0.9216@8 | bad=0/10\nEpoch 10/60 | train_loss=3762.6714 | val_score=1.0442 | best=1.0442@10 | bad=0/10\nEpoch 12/60 | train_loss=3370.7592 | val_score=1.0307 | best=1.0442@10 | bad=1/10\nEpoch 14/60 | train_loss=2882.6076 | val_score=1.0617 | best=1.0617@14 | bad=0/10\nEpoch 16/60 | train_loss=2324.4242 | val_score=1.1390 | best=1.1390@16 | bad=0/10\nEpoch 18/60 | train_loss=2552.8522 | val_score=1.0469 | best=1.1390@16 | bad=1/10\nEpoch 20/60 | train_loss=2033.0477 | val_score=0.9453 | best=1.1390@16 | bad=2/10\nEpoch 22/60 | train_loss=1933.7934 | val_score=0.9596 | best=1.1390@16 | bad=3/10\nEpoch 24/60 | train_loss=2328.5880 | val_score=1.1345 | best=1.1390@16 | bad=4/10\nEpoch 26/60 | train_loss=2391.7786 | val_score=1.0581 | best=1.1390@16 | bad=5/10\nEpoch 28/60 | train_loss=1606.2934 | val_score=0.9836 | best=1.1390@16 | bad=6/10\nEpoch 30/60 | train_loss=1837.3236 | val_score=1.0628 | best=1.1390@16 | bad=7/10\nEpoch 32/60 | train_loss=1535.0104 | val_score=1.1530 | best=1.1530@32 | bad=0/10\nEpoch 34/60 | train_loss=1367.7087 | val_score=1.1668 | best=1.1668@34 | bad=0/10\nEpoch 36/60 | train_loss=1409.8829 | val_score=1.1549 | best=1.1668@34 | bad=1/10\nEpoch 38/60 | train_loss=1169.3003 | val_score=1.1335 | best=1.1668@34 | bad=2/10\nEpoch 40/60 | train_loss=860.4860 | val_score=1.0341 | best=1.1668@34 | bad=3/10\nEpoch 42/60 | train_loss=897.7702 | val_score=1.0534 | best=1.1668@34 | bad=4/10\nEpoch 44/60 | train_loss=736.4747 | val_score=1.1466 | best=1.1668@34 | bad=5/10\nEpoch 46/60 | train_loss=748.7459 | val_score=1.1593 | best=1.1668@34 | bad=6/10\nEpoch 48/60 | train_loss=663.8227 | val_score=1.1729 | best=1.1729@48 | bad=0/10\nEpoch 50/60 | train_loss=485.0686 | val_score=1.1680 | best=1.1729@48 | bad=1/10\nEpoch 52/60 | train_loss=492.0822 | val_score=1.1296 | best=1.1729@48 | bad=2/10\nEpoch 54/60 | train_loss=551.2077 | val_score=1.0369 | best=1.1729@48 | bad=3/10\nEpoch 56/60 | train_loss=621.4389 | val_score=1.0558 | best=1.1729@48 | bad=4/10\nEpoch 58/60 | train_loss=430.9763 | val_score=0.9876 | best=1.1729@48 | bad=5/10\nEpoch 60/60 | train_loss=375.8839 | val_score=0.9958 | best=1.1729@48 | bad=6/10\n\u2705 Best epoch: 48 with val_score=1.1729\n\ud83c\udf32 GBDT feature dims: train=(49638, 2344), val=(4975, 2344), test=(5545, 2344)\n\ud83e\uddea Best ensemble calibration (VAL): score=1.2000 | alpha=0.0, beta=0.75, delta=-240, w_deep=0.0, v_aw=1.0 | aff=(1.0759,-260.13) | spear=0.8986 err=0.0000\n\n============================================================\n\ud83d\udcca Metrics: Gini=0.9763, ErrRate=0.0480, Spearman=0.8875, RMSE=176.28\n\ud83d\udcca Individual Scores: Gini=1.000, Err=0.888, Spear=1.000, RMSE=1.000\n\ud83d\udcca Base=0.9776, Pareto=0.20, Diversity=0.000, FINAL=1.1776\n\ud83d\udcca Excellence count: 4/4 metrics\n\ud83d\udcca Metrics: Gini=0.9763, ErrRate=0.0480, Spearman=0.8875, RMSE=176.28\n\ud83d\udcca Individual Scores: Gini=1.000, Err=0.888, Spear=1.000, RMSE=1.000\n\ud83d\udcca Base=0.9776, Pareto=0.20, Diversity=0.000, FINAL=1.1776\n\ud83d\udcca Excellence count: 4/4 metrics\n============================================================\n\n\ud83d\udcbe Results saved to: /home/jupyter/anonymous_institutionAgentMonty_1226/tasks/BT_IOS_2503_Pareto/run_deepresearch/improved_results.json\nscore = 1.1776368754973219\n",
  "stderr": ""
}
