{
  "node_id": "cad7caec",
  "score": 0.6154248254565637,
  "success": true,
  "metrics": {
    "gini": 0.8067136526423085,
    "error_rate": 0.04088027755977407,
    "spearman": 0.6862001297078418,
    "rmse": 244.49779168136084,
    "gini_score": 0.5335682632115427,
    "error_score": 0.9091756542359586,
    "spearman_score": 0.6206670990261394,
    "rmse_score": 0.25837013864398606,
    "base_score": 0.5754248254565637,
    "pareto_bonus": 0.02,
    "diversity_bonus": 0.02,
    "excellence_count": 1
  },
  "execution_time": null,
  "code_file_path": null,
  "saved_at": "2026-01-13T06:10:45.616108",
  "stdout": "================================================================================\nPhysics-inspired Euler-ResNet (Deep Learning + Computational Physics)\n================================================================================\n\ud83d\udcc2 Loading data...\n   Train: (352772, 183) (49638 users)\n   Val:   (34825, 183) (4975 users)\n   Test:  (38815, 183) (5545 users)\n\ud83d\udd0e Using 77 numeric cols, 7 categorical cols\n\ud83d\udd27 Building user sequences...\n   Train seq: (49638, 7, 78), Train cats: (49638, 7)\n   Val seq:   (4975, 7, 78), Val cats:   (4975, 7)\n   Test seq:  (5545, 7, 78), Test cats:  (5545, 7)\n\ud83e\udde0 Training device: cuda\nEpoch 01 | train_loss=0.53301 | val_loss=0.47447 | neg_frac=0.346\nEpoch 02 | train_loss=0.45912 | val_loss=0.46620 | neg_frac=0.346\nEpoch 03 | train_loss=0.45062 | val_loss=0.47008 | neg_frac=0.346\nEpoch 04 | train_loss=0.44057 | val_loss=0.45143 | neg_frac=0.346\nEpoch 05 | train_loss=0.43433 | val_loss=0.44872 | neg_frac=0.346\nEpoch 06 | train_loss=0.43288 | val_loss=0.45601 | neg_frac=0.346\nEpoch 07 | train_loss=0.42711 | val_loss=0.44470 | neg_frac=0.346\nEpoch 08 | train_loss=0.42466 | val_loss=0.44432 | neg_frac=0.346\nEpoch 09 | train_loss=0.42277 | val_loss=0.45165 | neg_frac=0.346\nEpoch 10 | train_loss=0.41907 | val_loss=0.44386 | neg_frac=0.346\nEpoch 11 | train_loss=0.41644 | val_loss=0.44094 | neg_frac=0.346\nEpoch 12 | train_loss=0.41490 | val_loss=0.44392 | neg_frac=0.346\nEpoch 13 | train_loss=0.41051 | val_loss=0.44124 | neg_frac=0.346\nEpoch 14 | train_loss=0.40941 | val_loss=0.44498 | neg_frac=0.346\nEpoch 15 | train_loss=0.40599 | val_loss=0.44439 | neg_frac=0.346\nEpoch 16 | train_loss=0.40395 | val_loss=0.44763 | neg_frac=0.346\nEpoch 17 | train_loss=0.40026 | val_loss=0.44911 | neg_frac=0.346\n\u23f9\ufe0f Early stopping triggered.\n\ud83e\uddea Tuning conservative calibration on validation...\n   Best val(calibrated) score: 0.6645\n   Calibration params: {'w_q0': 0.0, 'w_q1': 0.0, 'w_p': 40.0, 'delta': -30.0, 'p_cut': None}\n\ud83d\udcca Predicting test...\n\n============================================================\n\ud83d\udcca Metrics: Gini=0.8067, ErrRate=0.0409, Spearman=0.6862, RMSE=244.50\n\ud83d\udcca Individual Scores: Gini=0.534, Err=0.909, Spear=0.621, RMSE=0.258\n\ud83d\udcca Base=0.5754, Pareto=0.02, Diversity=0.020, FINAL=0.6154\n\ud83d\udcca Excellence count: 1/4 metrics\n============================================================\n\n\ud83c\udfaf Final Score: 0.6154\nscore = 0.6154248254565637\n\n\ud83d\udcbe Results saved to: /home/jupyter/anonymous_institutionAgentMonty_1226/tasks/BT_IOS_2503_Pareto/run_deepresearch/physics_euler_resnet_results.json\n",
  "stderr": ""
}
