{
  "node_id": "0c55d264",
  "score": 0.9215233097655987,
  "success": true,
  "metrics": {
    "train": 49638.0,
    "val": 4975.0,
    "test": 5545.0,
    "numeric": 164.0,
    "cat": 16.0,
    "seq_cols": 46.0,
    "seq_in": 139.0,
    "static_in": 1392.0,
    "train_loss": 38600.93333,
    "val_loss": 18198.26077,
    "best_val_score": 1.196792,
    "w_q20": 0.1,
    "w_hurdle": 0.3,
    "risk_scale": 0.75,
    "thr_gate": 0.55,
    "thr_cap": 0.8,
    "thr_zero": 0.9,
    "a": 1.2429,
    "b": 19.2347,
    "gini": 0.9416,
    "err": 0.0869,
    "spear": 0.7757,
    "rmse": 227.9
  },
  "execution_time": null,
  "code_file_path": null,
  "saved_at": "2026-01-13T22:17:28.548432",
  "stdout": "================================================================================\nMethod: Physics-inspired Residual TCN + Multi-Task Heads (mean + q20 + sign/zero) + VAL conservative calibration\n - Residual blocks interpreted as time-stepping (computational physics connection)\n - Asymmetric weighted MSE + quantile pinball + BCE risk heads\n - Conservative post-hoc blending and affine calibration on VAL\n================================================================================\nUsers: train=49638 | val=4975 | test=5545\nCols: numeric=164 | cat=16 | seq_cols=46\nDims: seq_in=139 | static_in=1392\nEpoch 01/20 | train_loss=94528.29641 | val_loss=28498.64177 | lr=1.99e-03\nEpoch 02/20 | train_loss=60883.56603 | val_loss=29262.68110 | lr=1.95e-03\nEpoch 03/20 | train_loss=57807.41478 | val_loss=27132.16250 | lr=1.89e-03\nEpoch 04/20 | train_loss=54830.54387 | val_loss=26159.68454 | lr=1.81e-03\nEpoch 05/20 | train_loss=52070.75211 | val_loss=21978.33039 | lr=1.71e-03\nEpoch 06/20 | train_loss=49655.11056 | val_loss=23034.27345 | lr=1.59e-03\nEpoch 07/20 | train_loss=47559.43003 | val_loss=24123.04255 | lr=1.45e-03\nEpoch 08/20 | train_loss=45631.23656 | val_loss=18198.26077 | lr=1.31e-03\nEpoch 09/20 | train_loss=43884.25054 | val_loss=18496.98740 | lr=1.16e-03\nEpoch 10/20 | train_loss=42200.56807 | val_loss=22281.14787 | lr=1.00e-03\nEpoch 11/20 | train_loss=40867.93693 | val_loss=23048.19889 | lr=8.44e-04\nEpoch 12/20 | train_loss=39635.74621 | val_loss=18973.61930 | lr=6.91e-04\nEpoch 13/20 | train_loss=38600.93333 | val_loss=20664.08164 | lr=5.46e-04\nEarly stopping at epoch 13. Best val_loss=18198.26077\n\n--- VAL calibration search (best) ---\nbest_val_score=1.196792 | metrics={'gini': 0.9552235007286072, 'error_rate': 7.671072665971224e-08, 'spearman': 0.7961507052485941, 'rmse': 131.04615783691406}\nparams: w_q20=0.10, w_hurdle=0.30, risk_scale=0.75, thr_gate=0.55, thr_cap=0.80, thr_zero=0.90, a=1.2429, b=19.2347\n\n================================================================================\n\ud83d\udcca Gini=0.9416, Err=0.0869, Spear=0.7757, RMSE=227.90, Score=0.9215\n================================================================================\n\ud83d\udcca Gini=0.9416, Err=0.0869, Spear=0.7757, RMSE=227.90, Score=0.9215\nscore = 0.9215233097655987\n",
  "stderr": ""
}