{
  "node_id": "ed857ad7",
  "score": 1.1321882048969034,
  "success": true,
  "metrics": {
    "train": 49638.0,
    "val": 4975.0,
    "test": 5545.0,
    "gini": 0.9645,
    "err": 0.0681,
    "spear": 0.7596,
    "rmse": 127.31,
    "train_loss": 5208.899546,
    "val_score": 1.133903,
    "delta": 0.0,
    "fpr": 0.086,
    "detected_features": 145.0,
    "final_score": 1.1322
  },
  "execution_time": null,
  "code_file_path": null,
  "saved_at": "2026-01-13T06:18:32.220008",
  "stdout": "============================================================\nPhysics-inspired Euler/ResNet Sequence Model (Computational Physics view)\n============================================================\nDetected features: 145 numeric, 35 categorical\nUsers: train=49638, val=4975, test=5545\nTensor shapes: X_num=(49638, 7, 145), X_cat=(49638, 7, 35), X_static=(49638, 580)\n\ud83d\udcca Gini=0.8632, Err=0.1607, Spear=0.4626, RMSE=137.36, Score=0.6719\nEpoch 01 | train_loss=138162.912476 | val_score=0.671861\n\ud83d\udcca Gini=0.9100, Err=0.5833, Spear=0.5763, RMSE=110.84, Score=0.6886\nEpoch 02 | train_loss=38025.743814 | val_score=0.688561\n\ud83d\udcca Gini=0.9317, Err=0.5448, Spear=0.6517, RMSE=93.58, Score=0.7514\nEpoch 03 | train_loss=25634.894783 | val_score=0.751385\n\ud83d\udcca Gini=0.9197, Err=0.5940, Spear=0.5472, RMSE=104.36, Score=0.6643\nEpoch 04 | train_loss=18540.174254 | val_score=0.664302\n\ud83d\udcca Gini=0.9419, Err=0.0641, Spear=0.6686, RMSE=69.92, Score=0.9836\nEpoch 05 | train_loss=15084.168542 | val_score=0.983647\n\ud83d\udcca Gini=0.9224, Err=0.3508, Spear=0.5348, RMSE=75.06, Score=0.6540\nEpoch 06 | train_loss=12111.696994 | val_score=0.653962\n\ud83d\udcca Gini=0.9511, Err=0.0537, Spear=0.7515, RMSE=65.74, Score=1.1339\nEpoch 07 | train_loss=10900.245740 | val_score=1.133903\n\ud83d\udcca Gini=0.9418, Err=0.3677, Spear=0.6530, RMSE=74.69, Score=0.7525\nEpoch 08 | train_loss=8979.153735 | val_score=0.752522\n\ud83d\udcca Gini=0.9282, Err=0.4890, Spear=0.5723, RMSE=71.09, Score=0.6853\nEpoch 09 | train_loss=8064.504301 | val_score=0.685283\n\ud83d\udcca Gini=0.9552, Err=0.3005, Spear=0.7389, RMSE=59.43, Score=0.8531\nEpoch 10 | train_loss=7050.098296 | val_score=0.853149\n\ud83d\udcca Gini=0.9549, Err=0.2489, Spear=0.7422, RMSE=71.08, Score=0.9412\nEpoch 11 | train_loss=6614.848957 | val_score=0.941248\n\ud83d\udcca Gini=0.9553, Err=0.1390, Spear=0.7407, RMSE=56.73, Score=1.0047\nEpoch 12 | train_loss=5695.504843 | val_score=1.004703\n\ud83d\udcca Gini=0.9520, Err=0.3862, Spear=0.7224, RMSE=66.99, Score=0.8103\nEpoch 13 | train_loss=5208.899546 | val_score=0.810330\nEarly stopping at epoch 13 (best val_score=1.133903)\n\ud83d\udcca Gini=0.9511, Err=9.7162, Spear=0.7515, RMSE=209.48, Score=0.8580\n\ud83d\udcca Gini=0.9511, Err=9.5940, Spear=0.7515, RMSE=207.11, Score=0.8659\n\ud83d\udcca Gini=0.9511, Err=9.4719, Spear=0.7515, RMSE=204.74, Score=0.8738\n\ud83d\udcca Gini=0.9511, Err=9.3498, Spear=0.7515, RMSE=202.37, Score=0.8817\n\ud83d\udcca Gini=0.9511, Err=9.2277, Spear=0.7515, RMSE=200.01, Score=0.8896\n\ud83d\udcca Gini=0.9511, Err=9.1055, Spear=0.7515, RMSE=197.65, Score=0.8896\n\ud83d\udcca Gini=0.9511, Err=8.9834, Spear=0.7515, RMSE=195.29, Score=0.8896\n\ud83d\udcca Gini=0.9511, Err=8.8613, Spear=0.7515, RMSE=192.94, Score=0.8896\n\ud83d\udcca Gini=0.9511, Err=8.7392, Spear=0.7515, RMSE=190.59, Score=0.8896\n\ud83d\udcca Gini=0.9511, Err=8.6171, Spear=0.7515, RMSE=188.25, Score=0.8896\n\ud83d\udcca Gini=0.9511, Err=8.4949, Spear=0.7515, RMSE=185.91, Score=0.8896\n\ud83d\udcca Gini=0.9511, Err=8.3728, Spear=0.7515, RMSE=183.57, Score=0.8896\n\ud83d\udcca Gini=0.9511, Err=8.2507, Spear=0.7515, RMSE=181.24, Score=0.8896\n\ud83d\udcca Gini=0.9511, Err=8.1286, Spear=0.7515, RMSE=178.91, Score=0.8896\n\ud83d\udcca Gini=0.9511, Err=8.0064, Spear=0.7515, RMSE=176.59, Score=0.8896\n\ud83d\udcca Gini=0.9511, Err=7.8843, Spear=0.7515, RMSE=174.27, Score=0.8896\n\ud83d\udcca Gini=0.9511, Err=7.7622, Spear=0.7515, RMSE=171.96, Score=0.8896\n\ud83d\udcca Gini=0.9511, Err=7.6401, Spear=0.7515, RMSE=169.65, Score=0.8896\n\ud83d\udcca Gini=0.9511, Err=7.5179, Spear=0.7515, RMSE=167.35, Score=0.8896\n\ud83d\udcca Gini=0.9511, Err=7.3958, Spear=0.7515, RMSE=165.05, Score=0.8896\n\ud83d\udcca Gini=0.9511, Err=7.2737, Spear=0.7515, RMSE=162.76, Score=0.8896\n\ud83d\udcca Gini=0.9511, Err=7.1516, Spear=0.7515, RMSE=160.48, Score=0.8896\n\ud83d\udcca Gini=0.9511, Err=7.0294, Spear=0.7515, RMSE=158.20, Score=0.8896\n\ud83d\udcca Gini=0.9511, Err=6.9073, Spear=0.7515, RMSE=155.93, Score=0.8896\n\ud83d\udcca Gini=0.9511, Err=6.7852, Spear=0.7515, RMSE=153.67, Score=0.8896\n\ud83d\udcca Gini=0.9511, Err=6.6631, Spear=0.7515, RMSE=151.41, Score=0.8896\n\ud83d\udcca Gini=0.9511, Err=6.5410, Spear=0.7515, RMSE=149.16, Score=0.8896\n\ud83d\udcca Gini=0.9511, Err=6.4188, Spear=0.7515, RMSE=146.92, Score=0.8896\n\ud83d\udcca Gini=0.9511, Err=6.2967, Spear=0.7515, RMSE=144.69, Score=0.8896\n\ud83d\udcca Gini=0.9511, Err=6.1746, Spear=0.7515, RMSE=142.47, Score=0.8896\n\ud83d\udcca Gini=0.9511, Err=6.0525, Spear=0.7515, RMSE=140.25, Score=0.8896\n\ud83d\udcca Gini=0.9511, Err=5.9303, Spear=0.7515, RMSE=138.05, Score=0.8896\n\ud83d\udcca Gini=0.9511, Err=5.8082, Spear=0.7515, RMSE=135.86, Score=0.8896\n\ud83d\udcca Gini=0.9511, Err=5.6861, Spear=0.7515, RMSE=133.68, Score=0.8896\n\ud83d\udcca Gini=0.9511, Err=5.5640, Spear=0.7515, RMSE=131.50, Score=0.8896\n\ud83d\udcca Gini=0.9511, Err=5.4418, Spear=0.7515, RMSE=129.35, Score=0.8896\n\ud83d\udcca Gini=0.9511, Err=5.3197, Spear=0.7515, RMSE=127.20, Score=0.8896\n\ud83d\udcca Gini=0.9511, Err=5.1976, Spear=0.7515, RMSE=125.06, Score=0.8896\n\ud83d\udcca Gini=0.9511, Err=5.0755, Spear=0.7515, RMSE=122.94, Score=0.8896\n\ud83d\udcca Gini=0.9511, Err=4.9533, Spear=0.7515, RMSE=120.84, Score=0.8896\n\ud83d\udcca Gini=0.9511, Err=4.8312, Spear=0.7515, RMSE=118.75, Score=0.8896\n\ud83d\udcca Gini=0.9511, Err=4.7091, Spear=0.7515, RMSE=116.68, Score=0.8896\n\ud83d\udcca Gini=0.9511, Err=4.5870, Spear=0.7515, RMSE=114.62, Score=0.8896\n\ud83d\udcca Gini=0.9511, Err=4.4649, Spear=0.7515, RMSE=112.58, Score=0.8896\n\ud83d\udcca Gini=0.9511, Err=4.3427, Spear=0.7515, RMSE=110.56, Score=0.8896\n\ud83d\udcca Gini=0.9511, Err=4.2206, Spear=0.7515, RMSE=108.56, Score=0.8896\n\ud83d\udcca Gini=0.9511, Err=4.0985, Spear=0.7515, RMSE=106.58, Score=0.8896\n\ud83d\udcca Gini=0.9511, Err=3.9764, Spear=0.7515, RMSE=104.62, Score=0.8896\n\ud83d\udcca Gini=0.9511, Err=3.8542, Spear=0.7515, RMSE=102.69, Score=0.8896\n\ud83d\udcca Gini=0.9511, Err=3.7321, Spear=0.7515, RMSE=100.78, Score=0.8896\n\ud83d\udcca Gini=0.9511, Err=3.6100, Spear=0.7515, RMSE=98.90, Score=0.8896\n\ud83d\udcca Gini=0.9511, Err=3.4879, Spear=0.7515, RMSE=97.05, Score=0.8896\n\ud83d\udcca Gini=0.9511, Err=3.3657, Spear=0.7515, RMSE=95.22, Score=0.8896\n\ud83d\udcca Gini=0.9511, Err=3.2436, Spear=0.7515, RMSE=93.43, Score=0.8896\n\ud83d\udcca Gini=0.9511, Err=3.1215, Spear=0.7515, RMSE=91.67, Score=0.8896\n\ud83d\udcca Gini=0.9511, Err=2.9994, Spear=0.7515, RMSE=89.95, Score=0.8896\n\ud83d\udcca Gini=0.9511, Err=2.8772, Spear=0.7515, RMSE=88.26, Score=0.8896\n\ud83d\udcca Gini=0.9511, Err=2.7551, Spear=0.7515, RMSE=86.61, Score=0.8896\n\ud83d\udcca Gini=0.9511, Err=2.6330, Spear=0.7515, RMSE=85.00, Score=0.8896\n\ud83d\udcca Gini=0.9511, Err=2.5109, Spear=0.7515, RMSE=83.44, Score=0.8896\n\ud83d\udcca Gini=0.9511, Err=2.3888, Spear=0.7515, RMSE=81.92, Score=0.8896\n\ud83d\udcca Gini=0.9511, Err=2.2666, Spear=0.7515, RMSE=80.46, Score=0.8896\n\ud83d\udcca Gini=0.9511, Err=2.1445, Spear=0.7515, RMSE=79.04, Score=0.8896\n\ud83d\udcca Gini=0.9511, Err=2.0224, Spear=0.7515, RMSE=77.68, Score=0.8896\n\ud83d\udcca Gini=0.9511, Err=1.9003, Spear=0.7515, RMSE=76.38, Score=0.8896\n\ud83d\udcca Gini=0.9511, Err=1.7781, Spear=0.7515, RMSE=75.13, Score=0.8896\n\ud83d\udcca Gini=0.9511, Err=1.6560, Spear=0.7515, RMSE=73.96, Score=0.8896\n\ud83d\udcca Gini=0.9511, Err=1.5339, 