{
  "node_id": "59394c83",
  "score": 1.1746555844854571,
  "success": true,
  "metrics": {
    "full_train": 54613.0,
    "test": 5545.0,
    "gini": 0.9153,
    "err": 0.0037,
    "spear": 0.7857,
    "rmse": 204.03,
    "a": 1.0408,
    "b": -0.89,
    "conservative_delta": 0.0
  },
  "execution_time": null,
  "code_file_path": null,
  "saved_at": "2026-01-13T13:13:45.736009",
  "stdout": "============================================================\nPhysics-inspired RK2 time-stepping DNN + Leak-free TE LightGBM + LGB meta + conservative calibration\n============================================================\nUsers: full_train=54613, test=5545\nRaw user-level categorical cols (for TE) = 16\nDaily numeric cols for DNN = 164, daily categorical cols for DNN = 16\n\n--- LGB Fold 1/5 ---\n\n--- LGB Fold 2/5 ---\n\n--- LGB Fold 3/5 ---\n\n--- LGB Fold 4/5 ---\n\n--- LGB Fold 5/5 ---\n\n--- DNN Fold 1/3 ---\n\n--- DNN Fold 2/3 ---\n\n--- DNN Fold 3/3 ---\n\ud83d\udcca Gini=0.9585, Err=9.4598, Spear=0.7988, RMSE=302.44, Score=0.6790\n\ud83d\udcca Gini=0.9585, Err=9.0806, Spear=0.7988, RMSE=294.25, Score=0.6790\n\ud83d\udcca Gini=0.9585, Err=8.7014, Spear=0.7988, RMSE=286.17, Score=0.6790\n\ud83d\udcca Gini=0.9585, Err=8.3222, Spear=0.7988, RMSE=278.22, Score=0.6790\n\ud83d\udcca Gini=0.9585, Err=7.9429, Spear=0.7988, RMSE=270.40, Score=0.6790\n\ud83d\udcca Gini=0.9585, Err=7.5637, Spear=0.7988, RMSE=262.73, Score=0.6790\n\ud83d\udcca Gini=0.9585, Err=7.1845, Spear=0.7988, RMSE=255.22, Score=0.6949\n\ud83d\udcca Gini=0.9585, Err=6.8053, Spear=0.7988, RMSE=247.89, Score=0.7194\n\ud83d\udcca Gini=0.9585, Err=6.4261, Spear=0.7988, RMSE=240.75, Score=0.7432\n\ud83d\udcca Gini=0.9585, Err=6.0469, Spear=0.7988, RMSE=233.82, Score=0.7663\n\ud83d\udcca Gini=0.9585, Err=5.6677, Spear=0.7988, RMSE=227.11, Score=0.7886\n\ud83d\udcca Gini=0.9585, Err=5.2884, Spear=0.7988, RMSE=220.66, Score=0.8101\n\ud83d\udcca Gini=0.9585, Err=4.9092, Spear=0.7988, RMSE=214.48, Score=0.8307\n\ud83d\udcca Gini=0.9585, Err=4.5300, Spear=0.7988, RMSE=208.60, Score=0.9003\n\ud83d\udcca Gini=0.9585, Err=4.1508, Spear=0.7988, RMSE=203.04, Score=0.9189\n\ud83d\udcca Gini=0.9585, Err=3.7716, Spear=0.7988, RMSE=197.83, Score=0.9290\n\ud83d\udcca Gini=0.9585, Err=3.3924, Spear=0.7988, RMSE=192.99, Score=0.9290\n\ud83d\udcca Gini=0.9585, Err=3.0131, Spear=0.7988, RMSE=188.57, Score=0.9290\n\ud83d\udcca Gini=0.9585, Err=2.6339, Spear=0.7988, RMSE=184.57, Score=0.9290\n\ud83d\udcca Gini=0.9585, Err=2.2547, Spear=0.7988, RMSE=181.05, Score=0.9290\n\ud83d\udcca Gini=0.9585, Err=1.8755, Spear=0.7988, RMSE=178.02, Score=0.9290\n\ud83d\udcca Gini=0.9585, Err=1.4963, Spear=0.7988, RMSE=175.50, Score=0.9290\n\ud83d\udcca Gini=0.9585, Err=1.1171, Spear=0.7988, RMSE=173.53, Score=0.9290\n\ud83d\udcca Gini=0.9585, Err=0.7379, Spear=0.7988, RMSE=172.11, Score=0.9290\n\ud83d\udcca Gini=0.9585, Err=0.3586, Spear=0.7988, RMSE=171.27, Score=0.9290\n\ud83d\udcca Gini=0.9585, Err=0.0206, Spear=0.7988, RMSE=171.01, Score=1.1928\n\ud83d\udcca Gini=0.9585, Err=0.3998, Spear=0.7988, RMSE=171.33, Score=0.9290\n\ud83d\udcca Gini=0.9585, Err=0.7790, Spear=0.7988, RMSE=172.24, Score=0.9290\n\ud83d\udcca Gini=0.9585, Err=1.1582, Spear=0.7988, RMSE=173.71, Score=0.9290\n\ud83d\udcca Gini=0.9585, Err=1.5374, Spear=0.7988, RMSE=175.75, Score=0.9290\n\ud83d\udcca Gini=0.9585, Err=1.9166, Spear=0.7988, RMSE=178.32, Score=0.9290\n\ud83d\udcca Gini=0.9585, Err=2.2959, Spear=0.7988, RMSE=181.41, Score=0.9290\n\ud83d\udcca Gini=0.9585, Err=2.6751, Spear=0.7988, RMSE=184.99, Score=0.9290\n\ud83d\udcca Gini=0.9585, Err=3.0543, Spear=0.7988, RMSE=189.03, Score=0.9290\n\ud83d\udcca Gini=0.9585, Err=3.4335, Spear=0.7988, RMSE=193.50, Score=0.9290\n\ud83d\udcca Gini=0.9585, Err=3.8127, Spear=0.7988, RMSE=198.37, Score=0.9290\n\n============================================================\nOOF (train+val) diagnostic score (optimistic but useful):\n\ud83d\udcca Gini=0.9536, Err=0.0000, Spear=0.7905, RMSE=152.81, Score=1.1921\nAffine a=1.0408, b=-0.89, conservative_delta=0.00\n============================================================\n\n============================================================\n\ud83d\udcca Gini=0.9153, Err=0.0037, Spear=0.7857, RMSE=204.03, Score=1.1747\n============================================================\nscore = 1.1746555844854571\n\ud83d\udcca Gini=0.9153, Err=0.0037, Spear=0.7857, RMSE=204.03, Score=1.1747\nscore = 1.1746555844854571\n",
  "stderr": ""
}
