{
  "node_id": "80466eed",
  "score": 1.0410267270142168,
  "success": true,
  "metrics": {
    "train": 49638.0,
    "val": 4975.0,
    "test": 5545.0,
    "gini": 0.9547,
    "err": 0.1613,
    "spear": 0.8028,
    "rmse": 117.3,
    "train_loss": 11310.7954,
    "val_score": 0.9904,
    "cal_val_score": 1.1688,
    "dim": 492.0,
    "categorical_cols": 16.0,
    "agg_dim": 70.0,
    "final_score": 1.041
  },
  "execution_time": null,
  "code_file_path": null,
  "saved_at": "2026-01-12T22:16:40.687087",
  "stdout": "============================================================\nMethod 18: Physics-inspired Euler/ResNet (Neural ODE discretization)\n============================================================\nDevice: cuda\nUsers: train=49638, val=4975, test=5545\nNumeric day-dim: 492 | Categorical cols: 16 | Agg dim: 70\nBCE pos_weight (neg-class): 2.364\n\ud83d\udcca Gini=0.8905, Err=0.1353, Spear=0.7326, RMSE=139.26, Score=0.9285\nEpoch 01 | train_loss=48281.7192 | val_score=0.9285\n\ud83d\udcca Gini=0.9016, Err=0.4675, Spear=0.7343, RMSE=133.69, Score=0.8203\nEpoch 02 | train_loss=34466.8136 | val_score=0.8203\n\ud83d\udcca Gini=0.9061, Err=0.3344, Spear=0.7396, RMSE=120.12, Score=0.8339\nEpoch 03 | train_loss=28389.3861 | val_score=0.8339\n\ud83d\udcca Gini=0.9133, Err=0.4858, Spear=0.7373, RMSE=113.46, Score=0.8227\nEpoch 04 | train_loss=24302.3329 | val_score=0.8227\n\ud83d\udcca Gini=0.9320, Err=0.2378, Spear=0.7693, RMSE=100.50, Score=0.9705\nEpoch 05 | train_loss=19325.7384 | val_score=0.9705\n\ud83d\udcca Gini=0.9482, Err=0.0933, Spear=0.7826, RMSE=95.58, Score=1.0665\nEpoch 06 | train_loss=14520.8512 | val_score=1.0665\n\ud83d\udcca Gini=0.9479, Err=0.2877, Spear=0.7831, RMSE=90.37, Score=0.9526\nEpoch 07 | train_loss=14485.9914 | val_score=0.9526\n\ud83d\udcca Gini=0.9494, Err=0.0485, Spear=0.7897, RMSE=89.78, Score=1.1688\nEpoch 08 | train_loss=12826.0530 | val_score=1.1688\n\ud83d\udcca Gini=0.9525, Err=0.1550, Spear=0.7998, RMSE=79.14, Score=1.0446\nEpoch 09 | train_loss=10796.8915 | val_score=1.0446\n\ud83d\udcca Gini=0.9326, Err=0.3823, Spear=0.7672, RMSE=77.30, Score=0.9027\nEpoch 10 | train_loss=11087.7652 | val_score=0.9027\n\ud83d\udcca Gini=0.9485, Err=0.2762, Spear=0.7741, RMSE=77.63, Score=0.9518\nEpoch 11 | train_loss=11955.6481 | val_score=0.9518\n\ud83d\udcca Gini=0.9471, Err=0.3965, Spear=0.7801, RMSE=85.12, Score=0.9134\nEpoch 12 | train_loss=12004.6239 | val_score=0.9134\n\ud83d\udcca Gini=0.9465, Err=0.2240, Spear=0.7835, RMSE=72.29, Score=0.9904\nEpoch 13 | train_loss=11310.7954 | val_score=0.9904\nEarly stopping.\n\ud83d\udcca Gini=0.9494, Err=9.8184, Spear=0.7897, RMSE=220.13, Score=0.8043\n\ud83d\udcca Gini=0.9494, Err=9.5741, Spear=0.7897, RMSE=215.57, Score=0.8195\n\ud83d\udcca Gini=0.9494, Err=9.3299, Spear=0.7897, RMSE=211.04, Score=0.8846\n\ud83d\udcca Gini=0.9494, Err=9.0856, Spear=0.7897, RMSE=206.52, Score=0.8997\n\ud83d\udcca Gini=0.9494, Err=8.8414, Spear=0.7897, RMSE=202.03, Score=0.9146\n\ud83d\udcca Gini=0.9494, Err=8.5971, Spear=0.7897, RMSE=197.57, Score=0.9214\n\ud83d\udcca Gini=0.9494, Err=8.3529, Spear=0.7897, RMSE=193.13, Score=0.9214\n\ud83d\udcca Gini=0.9494, Err=8.1086, Spear=0.7897, RMSE=188.71, Score=0.9214\n\ud83d\udcca Gini=0.9494, Err=7.8644, Spear=0.7897, RMSE=184.33, Score=0.9214\n\ud83d\udcca Gini=0.9494, Err=7.6201, Spear=0.7897, RMSE=179.98, Score=0.9214\n\ud83d\udcca Gini=0.9494, Err=7.3759, Spear=0.7897, RMSE=175.66, Score=0.9214\n\ud83d\udcca Gini=0.9494, Err=7.1316, Spear=0.7897, RMSE=171.38, Score=0.9214\n\ud83d\udcca Gini=0.9494, Err=6.8874, Spear=0.7897, RMSE=167.15, Score=0.9214\n\ud83d\udcca Gini=0.9494, Err=6.6432, Spear=0.7897, RMSE=162.95, Score=0.9214\n\ud83d\udcca Gini=0.9494, Err=6.3989, Spear=0.7897, RMSE=158.80, Score=0.9214\n\ud83d\udcca Gini=0.9494, Err=6.1547, Spear=0.7897, RMSE=154.70, Score=0.9214\n\ud83d\udcca Gini=0.9494, Err=5.9104, Spear=0.7897, RMSE=150.66, Score=0.9214\n\ud83d\udcca Gini=0.9494, Err=5.6662, Spear=0.7897, RMSE=146.67, Score=0.9214\n\ud83d\udcca Gini=0.9494, Err=5.4219, Spear=0.7897, RMSE=142.75, Score=0.9214\n\ud83d\udcca Gini=0.9494, Err=5.1777, Spear=0.7897, RMSE=138.90, Score=0.9214\n\ud83d\udcca Gini=0.9494, Err=4.9334, Spear=0.7897, RMSE=135.12, Score=0.9214\n\ud83d\udcca Gini=0.9494, Err=4.6892, Spear=0.7897, RMSE=131.43, Score=0.9214\n\ud83d\udcca Gini=0.9494, Err=4.4449, Spear=0.7897, RMSE=127.82, Score=0.9214\n\ud83d\udcca Gini=0.9494, Err=4.2007, Spear=0.7897, RMSE=124.31, Score=0.9214\n\ud83d\udcca Gini=0.9494, Err=3.9564, Spear=0.7897, RMSE=120.91, Score=0.9214\n\ud83d\udcca Gini=0.9494, Err=3.7122, Spear=0.7897, RMSE=117.62, Score=0.9214\n\ud83d\udcca Gini=0.9494, Err=3.4679, Spear=0.7897, RMSE=114.45, Score=0.9214\n\ud83d\udcca Gini=0.9494, Err=3.2237, Spear=0.7897, RMSE=111.42, Score=0.9214\n\ud83d\udcca Gini=0.9494, Err=2.9794, Spear=0.7897, RMSE=108.53, Score=0.9214\n\ud83d\udcca Gini=0.9494, Err=2.7352, Spear=0.7897, RMSE=105.80, Score=0.9214\n\ud83d\udcca Gini=0.9494, Err=2.4910, Spear=0.7897, RMSE=103.24, Score=0.9214\n\ud83d\udcca Gini=0.9494, Err=2.2467, Spear=0.7897, RMSE=100.87, Score=0.9214\n\ud83d\udcca Gini=0.9494, Err=2.0025, Spear=0.7897, RMSE=98.69, Score=0.9214\n\ud83d\udcca Gini=0.9494, Err=1.7582, Spear=0.7897, RMSE=96.72, Score=0.9214\n\ud83d\udcca Gini=0.9494, Err=1.5140, Spear=0.7897, RMSE=94.97, Score=0.9214\n\ud83d\udcca Gini=0.9494, Err=1.2697, Spear=0.7897, RMSE=93.46, Score=0.9214\n\ud83d\udcca Gini=0.9494, Err=1.0255, Spear=0.7897, RMSE=92.19, Score=0.9214\n\ud83d\udcca Gini=0.9494, Err=0.7812, Spear=0.7897, RMSE=91.19, Score=0.9214\n\ud83d\udcca Gini=0.9494, Err=0.5370, Spear=0.7897, RMSE=90.44, Score=0.9214\n\ud83d\udcca Gini=0.9494, Err=0.2927, Spear=0.7897, RMSE=89.97, Score=0.9551\n\ud83d\udcca Gini=0.9494, Err=0.0485, Spear=0.7897, RMSE=89.78, Score=1.1688\n\ud83d\udcca Gini=0.9494, Err=0.1958, Spear=0.7897, RMSE=89.86, Score=1.0121\n\ud83d\udcca Gini=0.9494, Err=0.4400, Spear=0.7897, RMSE=90.22, Score=0.9214\n\ud83d\udcca Gini=0.9494, Err=0.6843, Spear=0.7897, RMSE=90.86, Score=0.9214\n\ud83d\udcca Gini=0.9494, Err=0.9285, Spear=0.7897, RMSE=91.76, Score=0.9214\n\ud83d\udcca Gini=0.9494, Err=1.1727, Spear=0.7897, RMSE=92.93, Score=0.9214\n\ud83d\udcca Gini=0.9494, Err=1.4170, Spear=0.7897, RMSE=94.34, Score=0.9214\n\ud83d\udcca Gini=0.9494, Err=1.6612, Spear=0.7897, RMSE=96.00, Score=0.9214\n\ud83d\udcca Gini=0.9494, Err=1.9055, Spear=0.7897, RMSE=97.88, Score=0.9214\n\ud83d\udcca Gini=0.9494, Err=2.1497, Spear=0.7897, RMSE=99.98, Score=0.9214\n\ud83d\udcca Gini=0.9494, Err=2.3940, Spear=0.7897, RMSE=102.28, Score=0.9214\n\ud83d\udcca Gini=0.9494, Err=2.6382, Spear=0.7897, RMSE=104.77, Score=0.9214\n\ud83d\udcca Gini=0.9494, Err=2.8825, Spear=0.7897, RMSE=107.43, Score=0.9214\n\ud83d\udcca Gini=0.9494, Err=3.1267, Spear=0.7897, RMSE=110.25, Score=0.9214\n\ud83d\udcca Gini=0.9494, Err=3.3710, Spear=0.7897, RMSE=113.23, Score=0.9214\n\ud83d\udcca Gini=0.9494, Err=3.6152, Spear=0.7897, RMSE=116.34, Score=0.9214\n\ud83d\udcca Gini=0.9494, Err=3.8595, Spear=0.7897, RMSE=119.59, Score=0.9214\n\ud83d\udcca Gini=0.9494, Err=4.1037, Spear=0.7897, RMSE=122.95, Score=0.9214\n\ud83d\udcca Gini=0.9494, Err=4.3480, Spear=0.7897, RMSE=126.42, Score=0.9214\n\ud83d\udcca Gini=0.9494, Err=4.5922, Spear=0.7897, RMSE=129.99, Score=0.9214\n\ud83d\udcca Gini=0.9494, Err=4.8365, Spear=0.7897, RMSE=133.65, Score=0.9214\n\ud83d\udcca Gini=0.9494, Err=5.0807, Spear=0.7897, RMSE=137.39, Score=0.9214\n\ud83d\udcca Gini=0.9494, Err=5.3249, Spear=0.7897, RMSE=141.21, Score=0.9214\n\ud83d\udcca Gini=0.9494, Err=5.5692, Spear=0.7897, RMSE=145.11, Score=0.9214\n\ud83d\udcca Gini=0.9494, Err=5.8134, Spear=0.7897, RMSE=149.07, Score=0.9214\n\ud83d\udcca Gini=0.9494, Err=6.0577, Spear=0.7897, RMSE=153.09, Score=0.9214\n\ud83d\udcca Gini=0.9494, Err=6.3019, Spear=0.7897, RMSE=157.17, Score=0.9214\n\ud83d\udcca Gini=0.9494, Err=6.5462, Spear=0.7897, RMSE=161.30, Score=0.9214\n\ud83d\udcca Gini=0.9494, Err=6.7904, Spear=0.7897, 