{
  "node_id": "f8777984",
  "score": 1.1611993662628237,
  "success": true,
  "metrics": {
    "train": 49638.0,
    "val": 4975.0,
    "test": 5545.0,
    "cats": 16.0,
    "seq_cols": 80.0,
    "best_val_score": 1.2,
    "gini": 0.98,
    "err": 0.076,
    "spear": 0.891,
    "rmse": 179.28,
    "5545\nfeatures": 3524.0,
    "s_rmse": 179.119,
    "s_awmse": 9949.26,
    "s_quantile": 2.43762,
    "s_auc": 0.998283
  },
  "execution_time": null,
  "code_file_path": null,
  "saved_at": "2026-01-14T06:45:05.230744",
  "stdout": "================================================================================\nMethod: LightGBM ensemble + hurdle (neg/zero/pos) + quantile(0.20) + AWMSE custom objective\n        + rich temporal feature blocks (day-wise + diffs + slopes) + OOF target encoding\n        + conservative blending + VAL calibration\n================================================================================\nUsers: train=49638 | val=4975 | test=5545\nFeatures: 3524 (numeric+TE+freq+nuniq+cats=16) | seq_cols=80\n[200]\tval's rmse: 96.0795\tval's awmse: 10562.8\n[200]\tval's rmse: 93.536\tval's awmse: 9949.26\n[200]\tval's rmse: 171.35\n[400]\tval's rmse: 170.398\n[600]\tval's rmse: 169.6\n[800]\tval's rmse: 168.948\n[1000]\tval's rmse: 168.411\n[1200]\tval's rmse: 167.911\n[1400]\tval's rmse: 167.43\n[1600]\tval's rmse: 166.966\n[1800]\tval's rmse: 166.512\n[2000]\tval's rmse: 166.065\n[2200]\tval's rmse: 165.626\n[2400]\tval's rmse: 165.195\n[2600]\tval's rmse: 164.775\n[2800]\tval's rmse: 164.361\n[3000]\tval's rmse: 163.953\n[3200]\tval's rmse: 163.552\n[3400]\tval's rmse: 163.157\n[3600]\tval's rmse: 162.768\n[3800]\tval's rmse: 162.385\n[4000]\tval's rmse: 162.005\n[4200]\tval's rmse: 161.628\n[4400]\tval's rmse: 161.259\n[4600]\tval's rmse: 160.895\n[4800]\tval's rmse: 160.533\n[5000]\tval's rmse: 160.177\n[5200]\tval's rmse: 159.825\n[5400]\tval's rmse: 159.477\n[5600]\tval's rmse: 159.131\n[5800]\tval's rmse: 158.786\n[6000]\tval's rmse: 158.444\n[200]\tval's rmse: 171.351\n[400]\tval's rmse: 170.399\n[600]\tval's rmse: 169.601\n[800]\tval's rmse: 168.948\n[1000]\tval's rmse: 168.411\n[1200]\tval's rmse: 167.911\n[1400]\tval's rmse: 167.431\n[1600]\tval's rmse: 166.966\n[1800]\tval's rmse: 166.513\n[2000]\tval's rmse: 166.066\n[2200]\tval's rmse: 165.626\n[2400]\tval's rmse: 165.195\n[2600]\tval's rmse: 164.775\n[2800]\tval's rmse: 164.361\n[3000]\tval's rmse: 163.953\n[3200]\tval's rmse: 163.552\n[3400]\tval's rmse: 163.157\n[3600]\tval's rmse: 162.768\n[3800]\tval's rmse: 162.384\n[4000]\tval's rmse: 162.005\n[4200]\tval's rmse: 161.628\n[4400]\tval's rmse: 161.259\n[4600]\tval's rmse: 160.895\n[4800]\tval's rmse: 160.533\n[5000]\tval's rmse: 160.176\n[5200]\tval's rmse: 159.825\n[5400]\tval's rmse: 159.477\n[5600]\tval's rmse: 159.132\n[5800]\tval's rmse: 158.787\n[6000]\tval's rmse: 158.445\n[200]\tval's rmse: 0.676703\n[400]\tval's rmse: 0.682191\n[200]\tval's rmse: 0.677444\n[400]\tval's rmse: 0.679524\n[200]\tval's quantile: 2.82745\n[400]\tval's quantile: 2.64681\n[600]\tval's quantile: 2.58534\n[800]\tval's quantile: 2.54239\n[1000]\tval's quantile: 2.5343\n[1200]\tval's quantile: 2.50394\n[1400]\tval's quantile: 2.49795\n[1600]\tval's quantile: 2.4867\n[1800]\tval's quantile: 2.48663\n[2000]\tval's quantile: 2.47664\n[2200]\tval's quantile: 2.4682\n[2400]\tval's quantile: 2.46287\n[2600]\tval's quantile: 2.45589\n[2800]\tval's quantile: 2.44928\n[3000]\tval's quantile: 2.44446\n[3200]\tval's quantile: 2.44401\n[3400]\tval's quantile: 2.44348\n[200]\tval's quantile: 2.81739\n[400]\tval's quantile: 2.61647\n[600]\tval's quantile: 2.58223\n[800]\tval's quantile: 2.54928\n[1000]\tval's quantile: 2.53628\n[1200]\tval's quantile: 2.52613\n[1400]\tval's quantile: 2.51354\n[1600]\tval's quantile: 2.51008\n[1800]\tval's quantile: 2.49241\n[2000]\tval's quantile: 2.48369\n[2200]\tval's quantile: 2.46743\n[2400]\tval's quantile: 2.45915\n[2600]\tval's quantile: 2.44595\n[2800]\tval's quantile: 2.44611\n[3000]\tval's quantile: 2.44324\n[3200]\tval's quantile: 2.43961\n[3400]\tval's quantile: 2.4376\n[3600]\tval's quantile: 2.43716\n[3800]\tval's quantile: 2.43635\n[4000]\tval's quantile: 2.43762\n[200]\tval's auc: 0.950038\n[200]\tval's auc: 0.948866\n[200]\tval's auc: 0.998448\n[400]\tval's auc: 0.998482\n[200]\tval's auc: 0.998283\n[200]\tval's rmse: 105.486\n[200]\tval's rmse: 104.527\n[200]\tval's rmse: 179.086\n[200]\tval's rmse: 179.119\n\n--- VAL tuning (random search) ---\nbest_val_score=1.200000 | metrics={'gini': 0.9744336009025574, 'error_rate': 0.002015267498791218, 'spearman': 0.8958404123045242, 'rmse': 97.23291015625}\nbest_params = {\n  \"params\": {\n    \"w_mean\": 0.38110961620206374,\n    \"w_mix\": 0.5669576428046754,\n    \"w_q20\": 0.05193274099326084,\n    \"risk_scale\": 0.7775430782323789,\n    \"pneg_pow\": 1.6477093184532836,\n    \"thr_gate\": 0.7199446213400811,\n    \"thr_cap\": 0.8125875907947954,\n    \"thr_zero\": 0.6826323195613809,\n    \"shrink_gamma\": 0.10428215357261675,\n    \"near0_hi\": 53.83965416440171,\n    \"warp_k\": 0.6232981268275579,\n    \"delta_shift\": -67.05631602357613\n  },\n  \"a\": 1.230800359527596,\n  \"b\": 81.35607298608144,\n  \"strength\": 0.04449084520021654\n}\n\n================================================================================\n\ud83d\udcca Gini=0.9800, Err=0.0760, Spear=0.8910, RMSE=179.28, Score=1.1612\n================================================================================\n\ud83d\udcca Gini=0.9800, Err=0.0760, Spear=0.8910, RMSE=179.28, Score=1.1612\nscore = 1.1611993662628237\n",
  "stderr": ""
}