{
  "node_id": "8cf48023",
  "score": 0.7156165559958191,
  "success": true,
  "metrics": {
    "gini": 0.8341056992110562,
    "error_rate": 0.03148047120398128,
    "spearman": 0.7075100277004479,
    "rmse": 229.80736082323287,
    "gini_score": 0.6705284960552808,
    "error_score": 0.9368221435177021,
    "spearman_score": 0.6917000923348262,
    "rmse_score": 0.5032106529461189,
    "base_score": 0.6956165559958191,
    "pareto_bonus": 0.02,
    "diversity_bonus": 0.0,
    "excellence_count": 1
  },
  "execution_time": null,
  "code_file_path": null,
  "saved_at": "2026-01-12T16:13:59.781645",
  "stdout": "\ud83d\udcc2 Loading data...\n   Train: (352772, 183) (49638 users)\n   Val:   (34825, 183) (4975 users)\n   Test:  (38815, 183) (5545 users)\n\ud83d\udd27 Preparing sequence features (7-day) for TCN...\n   Train users: 49638, Val users: 4975, Test users: 5545\n   Numeric dims: 125\n   Static dims:  360\n   Categorical:  [('APP_ID', 2), ('OS', 2), ('MEDIA_SOURCE', 13)] ... total 7\n\ud83d\ude80 Training TCN model...\n   Device: cuda\n   Epoch 01: train_loss=0.84295  val_loss=0.74644\n   Epoch 02: train_loss=0.71177  val_loss=0.70633\n   Epoch 03: train_loss=0.69577  val_loss=0.70710\n   Epoch 04: train_loss=0.69126  val_loss=0.71484\n   Epoch 05: train_loss=0.68372  val_loss=0.70476\n   Epoch 06: train_loss=0.67623  val_loss=0.69812\n   Epoch 07: train_loss=0.67309  val_loss=0.72170\n   Epoch 08: train_loss=0.67142  val_loss=0.70708\n   Epoch 09: train_loss=0.66411  val_loss=0.70185\n   Epoch 10: train_loss=0.66093  val_loss=0.70350\n   Epoch 11: train_loss=0.65845  val_loss=0.71852\n   Epoch 12: train_loss=0.65451  val_loss=0.71407\n   Epoch 13: train_loss=0.65082  val_loss=0.71402\n   Early stopping (best val_loss=0.69812)\n\ud83d\udcca Predicting TCN (VAL/TEST)...\n\ud83d\udcca Metrics: Gini=0.6952, ErrRate=0.5211, Spearman=0.6945, RMSE=155.50\n\ud83d\udcca Individual Scores: Gini=0.000, Err=0.000, Spear=0.648, RMSE=1.000\n\ud83d\udcca Base=0.3621, Pareto=0.02, Diversity=0.000, FINAL=0.3821\n\ud83d\udcca Excellence count: 1/4 metrics\n\ud83d\udcca Metrics: Gini=0.6952, ErrRate=0.0000, Spearman=0.6945, RMSE=160.88\n\ud83d\udcca Individual Scores: Gini=0.000, Err=1.000, Spear=0.648, RMSE=1.000\n\ud83d\udcca Base=0.5621, Pareto=0.06, Diversity=0.020, FINAL=0.6421\n\ud83d\udcca Excellence count: 2/4 metrics\n\ud83d\udcca Metrics: Gini=0.6952, ErrRate=0.0000, Spearman=0.6945, RMSE=154.07\n\ud83d\udcca Individual Scores: Gini=0.000, Err=1.000, Spear=0.648, RMSE=1.000\n\ud83d\udcca Base=0.5621, Pareto=0.06, Diversity=0.020, FINAL=0.6421\n\ud83d\udcca Excellence count: 2/4 metrics\n\ud83d\udcca Metrics: Gini=0.6952, ErrRate=0.1303, Spearman=0.6945, RMSE=157.03\n\ud83d\udcca Individual Scores: Gini=0.000, Err=0.646, Spear=0.648, RMSE=1.000\n\ud83d\udcca Base=0.4914, Pareto=0.02, Diversity=0.000, FINAL=0.5114\n\ud83d\udcca Excellence count: 1/4 metrics\n\ud83d\udcca Metrics: Gini=0.6952, ErrRate=0.2606, Spearman=0.6945, RMSE=154.81\n\ud83d\udcca Individual Scores: Gini=0.000, Err=0.263, Spear=0.648, RMSE=1.000\n\ud83d\udcca Base=0.4147, Pareto=0.02, Diversity=0.000, FINAL=0.4347\n\ud83d\udcca Excellence count: 1/4 metrics\n\ud83d\udcca Metrics: Gini=0.6952, ErrRate=0.3909, Spearman=0.6945, RMSE=154.29\n\ud83d\udcca Individual Scores: Gini=0.000, Err=0.000, Spear=0.648, RMSE=1.000\n\ud83d\udcca Base=0.3621, Pareto=0.02, Diversity=0.000, FINAL=0.3821\n\ud83d\udcca Excellence count: 1/4 metrics\n\ud83e\uddea Calibration chosen on VAL: sum_scale(f=2.088)  (VAL composite=0.6421)\n\n\ud83e\uddf1 Building user-level tabular features for Three-Part Hurdle (LightGBM)...\n   Tabular shape: train=(49638, 1367), val=(4975, 1367), test=(5545, 1367)\n   Categorical features: ['cat_APP_ID', 'cat_OS', 'cat_MEDIA_SOURCE', 'cat_COUNTRY', 'cat_STATE', 'cat_DEVICE_TYPE', 'cat_SYSTEM_VERSION']\n\ud83d\udea6 Training Three-Part Hurdle models...\n[LightGBM] [Info] Number of positive: 17170, number of negative: 32468\n[LightGBM] [Info] Auto-choosing col-wise multi-threading, the overhead of testing was 0.028954 seconds.\nYou can set `force_col_wise=true` to remove the overhead.\n[LightGBM] [Info] Total Bins 56562\n[LightGBM] [Info] Number of data points in the train set: 49638, number of used features: 308\n[LightGBM] [Info] [binary:BoostFromScore]: pavg=0.514010 -> initscore=0.056056\n[LightGBM] [Info] Start training from score 0.056056\nTraining until validation scores don't improve for 200 rounds\nEarly stopping, best iteration is:\n[175]\tvalid_0's binary_logloss: 0.468009\nEvaluated only: binary_logloss\n[LightGBM] [Info] Number of positive: 10651, number of negative: 21817\n[LightGBM] [Info] Auto-choosing col-wise multi-threading, the overhead of testing was 0.022872 seconds.\nYou can set `force_col_wise=true` to remove the overhead.\n[LightGBM] [Info] Total Bins 56562\n[LightGBM] [Info] Number of data points in the train set: 32468, number of used features: 308\n[LightGBM] [Info] [binary:BoostFromScore]: pavg=0.422731 -> initscore=-0.311571\n[LightGBM] [Info] Start training from score -0.311571\n[LightGBM] [Warning] No further splits with positive gain, best gain: -inf\nTraining until validation scores don't improve for 200 rounds\n[LightGBM] [Warning] No further splits with positive gain, best gain: -inf\n[LightGBM] [Warning] No further splits with positive gain, best gain: -inf\nEarly stopping, best iteration is:\n[158]\tvalid_0's binary_logloss: 0.245325\nEvaluated only: binary_logloss\n[LightGBM] [Info] Auto-choosing col-wise multi-threading, the overhead of testing was 0.017184 seconds.\nYou can set `force_col_wise=true` to remove the overhead.\n[LightGBM] [Info] Total Bins 49873\n[LightGBM] [Info] Number of data points in the train set: 17170, number of used features: 308\n[LightGBM] [Info] Start training from score 1.064711\nTraining until validation scores don't improve for 250 rounds\nEarly stopping, best iteration is:\n[888]\tvalid_0's l1: 0.370898\nEvaluated only: l1\n[LightGBM] [Info] Auto-choosing col-wise multi-threading, the overhead of testing was 0.016694 seconds.\nYou can set `force_col_wise=true` to remove the overhead.\n[LightGBM] [Info] Total Bins 56926\n[LightGBM] [Info] Number of data points in the train set: 21817, number of used features: 316\n[LightGBM] [Info] Start training from score 1.945910\nTraining until validation scores don't improve for 250 rounds\nEarly stopping, best iteration is:\n[600]\tvalid_0's l1: 0.595906\nEvaluated only: l1\n\ud83d\udcca Predicting Hurdle components (VAL/TEST)...\n\n\ud83e\uddea Calibrating hurdle variant on VAL: hurdle_soft\n\ud83d\udcca Metrics: Gini=0.6962, ErrRate=0.5549, Spearman=0.6790, RMSE=154.49\n\ud83d\udcca Individual Scores: Gini=0.000, Err=0.000, Spear=0.597, RMSE=1.000\n\ud83d\udcca Base=0.3491, Pareto=0.02, Diversity=0.000, FINAL=0.3691\n\ud83d\udcca Excellence count: 1/4 metrics\n\ud83d\udcca Metrics: Gini=0.6962, ErrRate=0.0000, Spearman=0.6790, RMSE=170.25\n\ud83d\udcca Individual Scores: Gini=0.000, Err=1.000, Spear=0.597, RMSE=1.000\n\ud83d\udcca Base=0.5491, Pareto=0.06, Diversity=0.020, FINAL=0.6291\n\ud83d\udcca Excellence count: 2/4 metrics\n\ud83d\udcca Metrics: Gini=0.6962, ErrRate=0.0000, Spearman=0.6790, RMSE=153.70\n\ud83d\udcca Individual Scores: Gini=0.000, Err=1.000, Spear=0.597, RMSE=1.000\n\ud83d\udcca Base=0.5491, Pareto=0.06, Diversity=0.020, FINAL=0.6291\n\ud83d\udcca Excellence count: 2/4 metrics\n\ud83d\udcca Metrics: Gini=0.6962, ErrRate=0.1387, Spearman=0.6790, RMSE=162.36\n\ud83d\udcca Individual Scores: Gini=0.000, Err=0.621, Spear=0.597, RMSE=1.000\n\ud83d\udcca Base=0.4734, Pareto=0.02, Diversity=0.000, FINAL=0.4934\n\ud83d\udcca Excellence count: 1/4 metrics\n\ud83d\udcca Metrics: Gini=0.6962, ErrRate=0.2774, Spearman=0.6790, RMSE=156.94\n\ud83d\udcca Individual Scores: Gini=0.000, Err=0.213, Spear=0.597, RMSE=1.000\n\ud83d\udcca Base=0.3918, Pareto=0.02, Diversity=0.000, FINAL=0.4118\n\ud83d\udcca Excellence count: 1/4 metrics\n\ud83d\udcca Metrics: 