{
  "node_id": "efbf93b9",
  "method": "Method 12: Bidirectional LSTM with Attention (PyTorch)",
  "score": 0.5092777831889859,
  "metrics": {
    "gini": 0.8091066306544727,
    "error_rate": 0.13945529243588903,
    "spearman": 0.6486250131533227,
    "rmse": 238.80884781889972,
    "gini_score": 0.5455331532723637,
    "error_score": 0.6192491398944441,
    "spearman_score": 0.49541671051107544,
    "rmse_score": 0.35318586968500465,
    "base_score": 0.5092777831889859,
    "pareto_bonus": 0.0,
    "diversity_bonus": 0.0,
    "excellence_count": 0
  },
  "status": "completed",
  "execution_time": 0,
  "created_at": "2026-01-12T10:29:12.679526"
}