{
  "node_id": "5ca91174",
  "score": 0.9313005832627883,
  "success": true,
  "metrics": {
    "num_cols": 164.0,
    "cat_cols": 16.0,
    "gini": 0.9732,
    "err": 0.3065,
    "spear": 0.8686,
    "rmse": 207.28,
    "train_loss": 19117.31503,
    "val_score": 0.34973,
    "delta": 0.0,
    "thr": 0.35,
    "final_score": 0.9313
  },
  "execution_time": null,
  "code_file_path": null,
  "saved_at": "2026-01-13T08:48:01.294819",
  "stdout": "\ud83d\udd27 Using device: cuda\n============================================================\nMethod 24: Physics-inspired Euler/ResNet sequence model\n============================================================\nDetected num_cols=164, cat_cols=16\n\ud83d\udcca Gini=0.9589, Err=0.6809, Spear=0.8166, RMSE=156.25, Score=0.9300\nEpoch 001/35 | train_loss=113548.30971 | val_score=0.93000\n\ud83d\udcca Gini=0.9592, Err=0.5854, Spear=0.8363, RMSE=150.87, Score=0.9300\nEpoch 002/35 | train_loss=42012.00998 | val_score=0.93000\n\ud83d\udcca Gini=0.9620, Err=1.2399, Spear=0.8247, RMSE=146.48, Score=0.9300\nEpoch 003/35 | train_loss=32865.00895 | val_score=0.93000\n\ud83d\udcca Gini=0.9640, Err=0.9680, Spear=0.8543, RMSE=148.59, Score=0.9300\nEpoch 004/35 | train_loss=33786.27560 | val_score=0.93000\n\ud83d\udcca Gini=0.9565, Err=0.8604, Spear=0.8411, RMSE=157.86, Score=0.9300\nEpoch 005/35 | train_loss=24393.29427 | val_score=0.93000\n\ud83d\udcca Gini=0.9683, Err=0.7887, Spear=0.8727, RMSE=148.11, Score=0.9300\nEpoch 006/35 | train_loss=26367.15774 | val_score=0.93000\n\ud83d\udcca Gini=0.9660, Err=0.2021, Spear=0.8755, RMSE=116.32, Score=1.0170\nEpoch 007/35 | train_loss=20496.94160 | val_score=1.01699\n\ud83d\udcca Gini=0.9671, Err=0.5662, Spear=0.8625, RMSE=133.39, Score=0.9300\nEpoch 008/35 | train_loss=20879.24316 | val_score=0.93000\n\ud83d\udcca Gini=0.9682, Err=0.6073, Spear=0.8745, RMSE=136.27, Score=0.9300\nEpoch 009/35 | train_loss=20208.81300 | val_score=0.93000\n\ud83d\udcca Gini=0.9692, Err=0.2682, Spear=0.8748, RMSE=123.45, Score=0.9781\nEpoch 010/35 | train_loss=19497.32094 | val_score=0.97814\n\ud83d\udcca Gini=0.9630, Err=0.5193, Spear=0.8559, RMSE=122.62, Score=0.9300\nEpoch 011/35 | train_loss=18975.62406 | val_score=0.93000\n\ud83d\udcca Gini=0.9659, Err=0.6850, Spear=0.8586, RMSE=135.56, Score=0.9300\nEpoch 012/35 | train_loss=18248.35363 | val_score=0.93000\n\ud83d\udcca Gini=0.7741, Err=0.4575, Spear=-0.1866, RMSE=123.50, Score=0.3497\nEpoch 013/35 | train_loss=19117.31503 | val_score=0.34973\nEarly stopping.\n\ud83d\udcca Gini=0.9660, Err=9.9720, Spear=0.8755, RMSE=234.91, Score=0.7636\n\ud83d\udcca Gini=0.9660, Err=9.4835, Spear=0.8755, RMSE=226.28, Score=0.7924\n\ud83d\udcca Gini=0.9660, Err=8.9950, Spear=0.8755, RMSE=217.76, Score=0.8208\n\ud83d\udcca Gini=0.9660, Err=8.5065, Spear=0.8755, RMSE=209.37, Score=0.8988\n\ud83d\udcca Gini=0.9660, Err=8.0180, Spear=0.8755, RMSE=201.13, Score=0.9262\n\ud83d\udcca Gini=0.9660, Err=7.5295, Spear=0.8755, RMSE=193.06, Score=0.9300\n\ud83d\udcca Gini=0.9660, Err=7.0410, Spear=0.8755, RMSE=185.17, Score=0.9300\n\ud83d\udcca Gini=0.9660, Err=6.5525, Spear=0.8755, RMSE=177.50, Score=0.9300\n\ud83d\udcca Gini=0.9660, Err=6.0640, Spear=0.8755, RMSE=170.07, Score=0.9300\n\ud83d\udcca Gini=0.9660, Err=5.5756, Spear=0.8755, RMSE=162.91, Score=0.9300\n\ud83d\udcca Gini=0.9660, Err=5.0871, Spear=0.8755, RMSE=156.07, Score=0.9300\n\ud83d\udcca Gini=0.9660, Err=4.5986, Spear=0.8755, RMSE=149.58, Score=0.9300\n\ud83d\udcca Gini=0.9660, Err=4.1101, Spear=0.8755, RMSE=143.50, Score=0.9300\n\ud83d\udcca Gini=0.9660, Err=3.6216, Spear=0.8755, RMSE=137.87, Score=0.9300\n\ud83d\udcca Gini=0.9660, Err=3.1331, Spear=0.8755, RMSE=132.76, Score=0.9300\n\ud83d\udcca Gini=0.9660, Err=2.6446, Spear=0.8755, RMSE=128.23, Score=0.9300\n\ud83d\udcca Gini=0.9660, Err=2.1561, Spear=0.8755, RMSE=124.34, Score=0.9300\n\ud83d\udcca Gini=0.9660, Err=1.6676, Spear=0.8755, RMSE=121.15, Score=0.9300\n\ud83d\udcca Gini=0.9660, Err=1.1791, Spear=0.8755, RMSE=118.72, Score=0.9300\n\ud83d\udcca Gini=0.9660, Err=0.6906, Spear=0.8755, RMSE=117.10, Score=0.9300\n\ud83d\udcca Gini=0.9660, Err=0.2021, Spear=0.8755, RMSE=116.32, Score=1.0170\n\ud83d\udcca Gini=0.9660, Err=0.2864, Spear=0.8755, RMSE=116.39, Score=0.9674\n\ud83d\udcca Gini=0.9660, Err=0.7749, Spear=0.8755, RMSE=117.32, Score=0.9300\n\ud83d\udcca Gini=0.9660, Err=1.2634, Spear=0.8755, RMSE=119.08, Score=0.9300\n\ud83d\udcca Gini=0.9660, Err=1.7519, Spear=0.8755, RMSE=121.65, Score=0.9300\n\ud83d\udcca Gini=0.9660, Err=2.2403, Spear=0.8755, RMSE=124.96, Score=0.9300\n\ud83d\udcca Gini=0.9660, Err=2.7288, Spear=0.8755, RMSE=128.97, Score=0.9300\n\ud83d\udcca Gini=0.9660, Err=3.2173, Spear=0.8755, RMSE=133.60, Score=0.9300\n\ud83d\udcca Gini=0.9660, Err=3.7058, Spear=0.8755, RMSE=138.81, Score=0.9300\n\ud83d\udcca Gini=0.9660, Err=9.9720, Spear=0.8755, RMSE=234.91, Score=0.7636\n\ud83d\udcca Gini=0.9660, Err=9.4835, Spear=0.8755, RMSE=226.28, Score=0.7924\n\ud83d\udcca Gini=0.9660, Err=8.9950, Spear=0.8755, RMSE=217.76, Score=0.8208\n\ud83d\udcca Gini=0.9660, Err=8.5065, Spear=0.8755, RMSE=209.37, Score=0.8988\n\ud83d\udcca Gini=0.9660, Err=8.0180, Spear=0.8755, RMSE=201.13, Score=0.9262\n\ud83d\udcca Gini=0.9660, Err=7.5295, Spear=0.8755, RMSE=193.06, Score=0.9300\n\ud83d\udcca Gini=0.9660, Err=7.0410, Spear=0.8755, RMSE=185.17, Score=0.9300\n\ud83d\udcca Gini=0.9660, Err=6.5525, Spear=0.8755, RMSE=177.50, Score=0.9300\n\ud83d\udcca Gini=0.9660, Err=6.0640, Spear=0.8755, RMSE=170.07, Score=0.9300\n\ud83d\udcca Gini=0.9660, Err=5.5756, Spear=0.8755, RMSE=162.91, Score=0.9300\n\ud83d\udcca Gini=0.9660, Err=5.0871, Spear=0.8755, RMSE=156.07, Score=0.9300\n\ud83d\udcca Gini=0.9660, Err=4.5986, Spear=0.8755, RMSE=149.58, Score=0.9300\n\ud83d\udcca Gini=0.9660, Err=4.1101, Spear=0.8755, RMSE=143.50, Score=0.9300\n\ud83d\udcca Gini=0.9660, Err=3.6216, Spear=0.8755, RMSE=137.87, Score=0.9300\n\ud83d\udcca Gini=0.9660, Err=3.1331, Spear=0.8755, RMSE=132.76, Score=0.9300\n\ud83d\udcca Gini=0.9660, Err=2.6446, Spear=0.8755, RMSE=128.23, Score=0.9300\n\ud83d\udcca Gini=0.9660, Err=2.1561, Spear=0.8755, RMSE=124.34, Score=0.9300\n\ud83d\udcca Gini=0.9660, Err=1.6676, Spear=0.8755, RMSE=121.15, Score=0.9300\n\ud83d\udcca Gini=0.9660, Err=1.1791, Spear=0.8755, RMSE=118.72, Score=0.9300\n\ud83d\udcca Gini=0.9660, Err=0.6906, Spear=0.8755, RMSE=117.10, Score=0.9300\n\ud83d\udcca Gini=0.9660, Err=0.2021, Spear=0.8755, RMSE=116.32, Score=1.0170\n\ud83d\udcca Gini=0.9660, Err=0.2864, Spear=0.8755, RMSE=116.39, Score=0.9674\n\ud83d\udcca Gini=0.9660, Err=0.7749, Spear=0.8755, RMSE=117.32, Score=0.9300\n\ud83d\udcca Gini=0.9660, Err=1.2634, Spear=0.8755, RMSE=119.08, Score=0.9300\n\ud83d\udcca Gini=0.9660, Err=1.7519, Spear=0.8755, RMSE=121.65, Score=0.9300\n\ud83d\udcca Gini=0.9660, Err=2.2403, Spear=0.8755, RMSE=124.96, Score=0.9300\n\ud83d\udcca Gini=0.9660, Err=2.7288, Spear=0.8755, RMSE=128.97, Score=0.9300\n\ud83d\udcca Gini=0.9660, Err=3.2173, Spear=0.8755, RMSE=133.60, Score=0.9300\n\ud83d\udcca Gini=0.9660, Err=3.7058, Spear=0.8755, RMSE=138.81, Score=0.9300\n\ud83d\udcca Gini=0.9660, Err=9.9720, Spear=0.8755, RMSE=234.91, Score=0.7636\n\ud83d\udcca Gini=0.9660, Err=9.4835, Spear=0.8755, RMSE=226.28, Score=0.7924\n\ud83d\udcca Gini=0.9660, Err=8.9950, Spear=0.8755, RMSE=217.76, Score=0.8208\n\ud83d\udcca Gini=0.9660, Err=8.5065, Spear=0.8755, RMSE=209.37, Score=0.8988\n\ud83d\udcca Gini=0.9660, Err=8.0180, Spear=0.8755, RMSE=201.13, Score=0.9262\n\ud83d\udcca Gini=0.9660, Err=7.5295, Spear=0.8755, RMSE=193.06, Score=0.9300\n\ud83d\udcca Gini=0.9660, Err=7.0410, Spear=0.8755, RMSE=185.17, Score=0.9300\n\ud83d\udcca Gini=0.9660, Err=6.5525, Spear=0.8755, RMSE=177.50, Score=0.9300\n\ud83d\udcca Gini=0.9660, Err=6.0640, Spear=0.8755, RMSE=170.07, Score=0.9300\n\ud83d\udcca Gini=0.9660, Err=5.5756, Spear=0.8755, RMSE=162.91, Score=0.9300\n\ud83d\udcca Gini=0.9660, Err=5.0871, Spear=0.8755, RMSE=156.07, Score=0.9300\n\ud83d\udcca Gini=0.9660, Err=4.5986,