{
  "node_id": "816fa83a",
  "score": 0.7272757039749357,
  "success": true,
  "metrics": {
    "gini": 0.84443868096238,
    "error_rate": 0.03680921007373358,
    "spearman": 0.6819565003077948,
    "rmse": 224.40568431788213,
    "gini_score": 0.7221934048118998,
    "error_score": 0.9211493821360778,
    "spearman_score": 0.6065216676926491,
    "rmse_score": 0.5932385947019644,
    "base_score": 0.7072757039749357,
    "pareto_bonus": 0.02,
    "diversity_bonus": 0.0,
    "excellence_count": 1
  },
  "execution_time": null,
  "code_file_path": null,
  "saved_at": "2026-01-15T04:45:04.170795",
  "stdout": "\ud83d\udcc2 Loading data...\n   Train: (352772, 183) (49638 users)\n   Val:   (34825, 183) (4975 users)\n   Test:  (38815, 183) (5545 users)\n\ud83d\udd27 Creating user-level features...\n   Dev users: 54,613 | Test users: 5,545\n   Features (pre-TE): 2576 (num=2562, cat=14)\n\ud83d\ude80 Training CV base models (3 folds) ...\n   Fold 1/3 ...\n   Fold 2/3 ...\n   Fold 3/3 ...\n\ud83e\uddee Ridge stacking on OOF base predictions (CV alpha selection) ...\n   Best Ridge alpha: 30.0\n   Ridge OOF composite score (pre-calibration): 0.515702\n   Ridge features: 8\n   Calibration: a=0.9290, b=1.9264, s=0.8500\n\ud83d\udee1\ufe0f Tuning conservative post-processing on OOF ...\n   Best postprocess params: {'bias': 1.654125171820823, 'scale': 0.9389142042925982, 'zero_snap': 0.0, 'risk_thr': 0.6639084876912025, 'risk_soft': 0.24021502749923856, 'use_q_floor': False}\n\n============================================================\n\ud83d\udcca Metrics: Gini=0.8444, ErrRate=0.0368, Spearman=0.6820, RMSE=224.41\n\ud83d\udcca Individual Scores: Gini=0.722, Err=0.921, Spear=0.607, RMSE=0.593\n\ud83d\udcca Base=0.7073, Pareto=0.02, Diversity=0.000, FINAL=0.7273\n\ud83d\udcca Excellence count: 1/4 metrics\n============================================================\n\n\ud83c\udfaf Final Score: 0.727276\n   Baseline: 0.377 (template baseline)\n   \u2713 Better than baseline! (+0.350276)\nscore = 0.7272757039749357\n\ud83d\udcca Metrics: Gini=0.8444, ErrRate=0.0368, Spearman=0.6820, RMSE=224.41\n\ud83d\udcca Individual Scores: Gini=0.722, Err=0.921, Spear=0.607, RMSE=0.593\n\ud83d\udcca Base=0.7073, Pareto=0.02, Diversity=0.000, FINAL=0.7273\n\ud83d\udcca Excellence count: 1/4 metrics\nscore = 0.7272757039749357\n",
  "stderr": ""
}
