{
  "node_id": "7b3c7b9d",
  "score": 1.17519251704216,
  "success": true,
  "metrics": {
    "full_train": 54613.0,
    "test": 5545.0,
    "numeric": 131.0,
    "categorical": 16.0,
    "neg_thr": 0.68,
    "zero_thr": 0.62,
    "zero_band": 28.0,
    "val_score": 1.2,
    "delta": -6.0,
    "gini": 0.9678,
    "err": 0.0522,
    "spear": 0.8556,
    "rmse": 198.28,
    "a": 1.0,
    "b": -0.0,
    "s_l2": 21924.8,
    "s_rmse": 148.07,
    "s_quantile": 5.31831
  },
  "execution_time": null,
  "code_file_path": null,
  "saved_at": "2026-01-14T23:32:30.801425",
  "stdout": "========================================================================\nImproved solution: LightGBM AWMSE + Quantiles + Hurdle probs + Meta-stacking + isotonic calibration\n========================================================================\nUsers: full_train=54613, test=5545\nUsing numeric=131, categorical=16\n\n--- Base Fold 1/5 ---\n[400]\tval's l2: 24208\tval's rmse: 155.589\n[800]\tval's l2: 23254.7\tval's rmse: 152.495\n[1200]\tval's l2: 22911.2\tval's rmse: 151.364\n[400]\tval's quantile: 3.29255\n[800]\tval's quantile: 3.23381\n[1200]\tval's quantile: 3.21515\n[1600]\tval's quantile: 3.20295\n[2000]\tval's quantile: 3.19393\n[2400]\tval's quantile: 3.17579\n[2800]\tval's quantile: 3.15955\n[3200]\tval's quantile: 3.14981\n[3600]\tval's quantile: 3.14079\n[4000]\tval's quantile: 3.13551\n[4400]\tval's quantile: 3.12255\n[4800]\tval's quantile: 3.11788\n[5200]\tval's quantile: 3.11238\n[5600]\tval's quantile: 3.11106\n[6000]\tval's quantile: 3.10804\n[400]\tval's quantile: 4.9478\n[800]\tval's quantile: 4.88281\n[1200]\tval's quantile: 4.81554\n[1600]\tval's quantile: 4.80767\n[2000]\tval's quantile: 4.80332\n[2400]\tval's quantile: 4.77391\n[2800]\tval's quantile: 4.77215\n[3200]\tval's quantile: 4.75623\n[3600]\tval's quantile: 4.75488\n[4000]\tval's quantile: 4.75438\nFold 1 base OOF proxy score (no postproc) = 1.0358\n\n--- Base Fold 2/5 ---\n[400]\tval's l2: 9268.03\tval's rmse: 96.2706\n[800]\tval's l2: 9121.63\tval's rmse: 95.5072\n[400]\tval's quantile: 2.41277\n[800]\tval's quantile: 2.38615\n[1200]\tval's quantile: 2.37051\n[1600]\tval's quantile: 2.35153\n[2000]\tval's quantile: 2.34037\n[2400]\tval's quantile: 2.33563\n[2800]\tval's quantile: 2.33052\n[3200]\tval's quantile: 2.32596\n[3600]\tval's quantile: 2.32292\n[400]\tval's quantile: 2.63639\n[800]\tval's quantile: 2.5356\n[1200]\tval's quantile: 2.50107\n[1600]\tval's quantile: 2.48025\n[2000]\tval's quantile: 2.47465\n[2400]\tval's quantile: 2.47161\n[2800]\tval's quantile: 2.46876\n[3200]\tval's quantile: 2.46419\n[3600]\tval's quantile: 2.46414\nFold 2 base OOF proxy score (no postproc) = 1.0681\n\n--- Base Fold 3/5 ---\n[400]\tval's quantile: 2.41246\n[800]\tval's quantile: 2.34137\n[1200]\tval's quantile: 2.32274\n[1600]\tval's quantile: 2.30772\n[2000]\tval's quantile: 2.29909\n[2400]\tval's quantile: 2.29053\n[2800]\tval's quantile: 2.29016\n[3200]\tval's quantile: 2.28558\n[3600]\tval's quantile: 2.28726\n[400]\tval's quantile: 3.76248\nFold 3 base OOF proxy score (no postproc) = 1.2000\n\n--- Base Fold 4/5 ---\n[400]\tval's l2: 67603.8\tval's rmse: 260.007\n[800]\tval's l2: 66733.9\tval's rmse: 258.329\n[1200]\tval's l2: 66591.3\tval's rmse: 258.053\n[1600]\tval's l2: 66283.9\tval's rmse: 257.457\n[2000]\tval's l2: 65976.1\tval's rmse: 256.858\n[2400]\tval's l2: 65616.8\tval's rmse: 256.158\n[2800]\tval's l2: 65230.9\tval's rmse: 255.403\n[3200]\tval's l2: 65184.6\tval's rmse: 255.313\n[3600]\tval's l2: 65015.6\tval's rmse: 254.981\n[4000]\tval's l2: 64994.8\tval's rmse: 254.941\n[4400]\tval's l2: 64862.1\tval's rmse: 254.68\n[4800]\tval's l2: 64669.4\tval's rmse: 254.302\n[5200]\tval's l2: 64657.9\tval's rmse: 254.279\n[5600]\tval's l2: 64500.5\tval's rmse: 253.969\n[6000]\tval's l2: 64442\tval's rmse: 253.854\n[400]\tval's quantile: 4.06743\n[800]\tval's quantile: 4.03632\n[1200]\tval's quantile: 4.01186\n[1600]\tval's quantile: 3.99752\n[2000]\tval's quantile: 3.98456\n[2400]\tval's quantile: 3.96827\n[2800]\tval's quantile: 3.96392\n[3200]\tval's quantile: 3.96009\n[3600]\tval's quantile: 3.95411\n[4000]\tval's quantile: 3.95156\n[4400]\tval's quantile: 3.95051\n[4800]\tval's quantile: 3.94669\n[5200]\tval's quantile: 3.9419\n[5600]\tval's quantile: 3.93871\n[6000]\tval's quantile: 3.93883\n[400]\tval's quantile: 7.4703\n[800]\tval's quantile: 7.39319\n[1200]\tval's quantile: 7.34427\n[1600]\tval's quantile: 7.33958\n[2000]\tval's quantile: 7.33595\n[2400]\tval's quantile: 7.33255\n[2800]\tval's quantile: 7.33062\n[3200]\tval's quantile: 7.32927\n[3600]\tval's quantile: 7.3281\n[4000]\tval's quantile: 7.32676\n[4400]\tval's quantile: 7.32189\n[4800]\tval's quantile: 7.31973\n[5200]\tval's quantile: 7.3168\n[5600]\tval's quantile: 7.31627\n[6000]\tval's quantile: 7.31537\nFold 4 base OOF proxy score (no postproc) = 0.7220\n\n--- Base Fold 5/5 ---\n[400]\tval's l2: 17328.4\tval's rmse: 131.637\n[400]\tval's quantile: 3.6453\n[800]\tval's quantile: 3.59224\n[1200]\tval's quantile: 3.57455\n[1600]\tval's quantile: 3.56287\n[2000]\tval's quantile: 3.54465\n[2400]\tval's quantile: 3.53252\n[2800]\tval's quantile: 3.52634\n[3200]\tval's quantile: 3.51532\n[3600]\tval's quantile: 3.50918\n[4000]\tval's quantile: 3.50376\n[4400]\tval's quantile: 3.49818\n[4800]\tval's quantile: 3.49594\n[5200]\tval's quantile: 3.49133\n[5600]\tval's quantile: 3.49005\n[6000]\tval's quantile: 3.48434\n[400]\tval's quantile: 5.45887\n[800]\tval's quantile: 5.38764\n[1200]\tval's quantile: 5.37405\n[1600]\tval's quantile: 5.36628\n[2000]\tval's quantile: 5.32325\n[2400]\tval's quantile: 5.31831\nFold 5 base OOF proxy score (no postproc) = 1.0604\n\n--- Meta Fold 1/5 ---\n[400]\tval's l2: 23554.4\tval's rmse: 153.474\n[800]\tval's l2: 23612.4\tval's rmse: 153.663\nFold 1 meta OOF proxy score (no calib/postproc) = 1.1793\n\n--- Meta Fold 2/5 ---\n[400]\tval's l2: 10375.7\tval's rmse: 101.861\nFold 2 meta OOF proxy score (no calib/postproc) = 1.1967\n\n--- Meta Fold 3/5 ---\nFold 3 meta OOF proxy score (no calib/postproc) = 1.0322\n\n--- Meta Fold 4/5 ---\n[400]\tval's l2: 64787.2\tval's rmse: 254.533\n[800]\tval's l2: 62008.3\tval's rmse: 249.015\n[1200]\tval's l2: 60400.9\tval's rmse: 245.766\n[1600]\tval's l2: 59623\tval's rmse: 244.178\n[2000]\tval's l2: 59186.8\tval's rmse: 243.283\n[2400]\tval's l2: 58900.6\tval's rmse: 242.694\n[2800]\tval's l2: 58145\tval's rmse: 241.133\n[3200]\tval's l2: 58224.8\tval's rmse: 241.298\n[3600]\tval's l2: 57924.4\tval's rmse: 240.675\n[4000]\tval's l2: 57865.7\tval's rmse: 240.553\n[4400]\tval's l2: 57695.1\tval's rmse: 240.198\n[4800]\tval's l2: 57679.1\tval's rmse: 240.165\nFold 4 meta OOF proxy score (no calib/postproc) = 0.8877\n\n--- Meta Fold 5/5 ---\n[400]\tval's l2: 21924.8\tval's rmse: 148.07\nFold 5 meta OOF proxy score (no calib/postproc) = 1.1985\n\nTuned postproc params (OOF only): neg_thr=0.680, zero_thr=0.620, zero_band=28.0 (val_score=1.0743)\nTuned delta (OOF only): delta=-6.00 (val_score=1.2000)\n\n========================================================================\nOOF (train+val) diagnostic score:\n\ud83d\udcca Gini=0.9632, Err=0.1201, Spear=0.8556, RMSE=137.72, Score=1.0652\nCalib: iso=True, affine a=1.0000, b=-0.00, delta=-6.00\n========================================================================\n\n========================================================================\n\ud83d\udcca Gini=0.9678, Err=0.0522, Spear=0.8556, RMSE=198.28, Score=1.1752\n========================================================================\nscore = 1.17519251704216\n\ud83d\udcca Gini=0.9678, Err=0.0522, Spear=0.8556, RMSE=198.28, Score=1.1752\nscore = 1.17519251704216\n",
  "stderr": ""
}