{
  "node_id": "06a3c776",
  "method": "Method 14: CatBoost with Ordered Boosting and Custom Asymmetric Loss",
  "score": 0.5675166456046319,
  "metrics": {
    "gini": 0.8171957494572576,
    "error_rate": 0.12809876157939643,
    "spearman": 0.6523823848135262,
    "rmse": 228.52741306127638,
    "gini_score": 0.585978747286288,
    "error_score": 0.6526507012370694,
    "spearman_score": 0.5079412827117539,
    "rmse_score": 0.5245431156453937,
    "base_score": 0.5675166456046319,
    "pareto_bonus": 0.0,
    "diversity_bonus": 0.0,
    "excellence_count": 0
  },
  "status": "completed",
  "execution_time": 0,
  "created_at": "2026-01-12T10:29:12.680818"
}
